{
  "_fv": 28,
  "_type": "recipe",
  "definition": {
    "recipeType": "Crafting",
    "xpReward": 0.0,
    "cookingTime": 200,
    "recipeRetstackSize": 9,
    "group": "",
    "recipeShapeless": false,
    "recipeSlots": [
      {
        "value": "Blocks.WOOL#13"
      },
      {
        "value": ""
      },
      {
        "value": "Blocks.WOOL#11"
      },
      {
        "value": "Blocks.WOOL#13"
      },
      {
        "value": "Blocks.STONE"
      },
      {
        "value": "Blocks.WOOL#11"
      },
      {
        "value": "Blocks.WOOL#13"
      },
      {
        "value": ""
      },
      {
        "value": "Blocks.WOOL#11"
      }
    ],
    "recipeReturnStack": {
      "value": "CUSTOM:Aperytowasztabka"
    },
    "name": "aperytcrafting",
    "namespace": "mod"
  }
}