{
  "_fv": 28,
  "_type": "rangeditem",
  "definition": {
    "renderType": 0,
    "texture": "bongol",
    "customModelName": "Normal",
    "name": "Bongol",
    "specialInfo": [],
    "creativeTab": {
      "value": "CUSTOM:Vivocraft"
    },
    "stackSize": 1,
    "ammoItem": {
      "value": "CUSTOM:Bogola"
    },
    "shootConstantly": false,
    "usageCount": 100,
    "actionSound": {
      "value": "entity.arrow.shoot"
    },
    "hasGlow": false,
    "animation": "none",
    "enableMeleeDamage": true,
    "damageVsEntity": 2.0,
    "bulletPower": 1.0,
    "bulletDamage": 5.0,
    "bulletKnockback": 5,
    "bulletParticles": false,
    "bulletIgnitesFire": false,
    "bulletItemTexture": {
      "value": "CUSTOM:Bogola"
    },
    "bulletModel": "Default",
    "customBulletModelTexture": ""
  }
}