{
  "_fv": 28,
  "_type": "recipe",
  "definition": {
    "recipeType": "Crafting",
    "xpReward": 0.0,
    "cookingTime": 200,
    "recipeRetstackSize": 1,
    "group": "",
    "recipeShapeless": true,
    "recipeSlots": [
      {
        "value": "CUSTOM:Plytaglowna"
      },
      {
        "value": "CUSTOM:Procesor"
      },
      {
        "value": ""
      },
      {
        "value": "CUSTOM:Kartagraficzna"
      },
      {
        "value": "CUSTOM:Obudowa"
      },
      {
        "value": ""
      },
      {
        "value": ""
      },
      {
        "value": ""
      },
      {
        "value": "CUSTOM:Zasilac"
      }
    ],
    "recipeReturnStack": {
      "value": "CUSTOM:Komputer"
    },
    "name": "ckomputer",
    "namespace": "mod"
  }
}