{
  "_fv": 28,
  "_type": "recipe",
  "definition": {
    "recipeType": "Crafting",
    "xpReward": 0.0,
    "cookingTime": 200,
    "recipeRetstackSize": 9,
    "group": "",
    "recipeShapeless": false,
    "recipeSlots": [
      {
        "value": "Items.REDSTONE"
      },
      {
        "value": "Items.COPPER_INGOT"
      },
      {
        "value": "Items.DYE#18"
      },
      {
        "value": "Items.COPPER_INGOT"
      },
      {
        "value": "Items.COPPER_INGOT"
      },
      {
        "value": "Items.COPPER_INGOT"
      },
      {
        "value": "Items.DYE#18"
      },
      {
        "value": "Items.COPPER_INGOT"
      },
      {
        "value": "Items.REDSTONE"
      }
    ],
    "recipeReturnStack": {
      "value": "CUSTOM:Kabelek"
    },
    "name": "kabelc",
    "namespace": "mod"
  }
}