{
  "type": "minecraft:crafting_shaped",
  "pattern": [
    "0 2",
    "345",
    "6 8"
  ],
  "key": {
    "0": {
      "item": "minecraft:green_wool"
    },
    "2": {
      "item": "minecraft:blue_wool"
    },
    "3": {
      "item": "minecraft:green_wool"
    },
    "4": {
      "tag": "forge:stone"
    },
    "5": {
      "item": "minecraft:blue_wool"
    },
    "6": {
      "item": "minecraft:green_wool"
    },
    "8": {
      "item": "minecraft:blue_wool"
    }
  },
  "result": {
    "item": "vivo_craft:aperytowasztabka",
    "count": 9
  }
}