{
  "type": "minecraft:crafting_shaped",
  "pattern": [
    "012",
    "345",
    "678"
  ],
  "key": {
    "0": {
      "item": "minecraft:redstone"
    },
    "1": {
      "item": "minecraft:copper_ingot"
    },
    "2": {
      "item": "minecraft:blue_dye"
    },
    "3": {
      "item": "minecraft:copper_ingot"
    },
    "4": {
      "item": "minecraft:copper_ingot"
    },
    "5": {
      "item": "minecraft:copper_ingot"
    },
    "6": {
      "item": "minecraft:blue_dye"
    },
    "7": {
      "item": "minecraft:copper_ingot"
    },
    "8": {
      "item": "minecraft:redstone"
    }
  },
  "result": {
    "item": "vivo_craft:kabelek",
    "count": 9
  }
}